id,event_date,event_date_confidence,published_at,published_date_source,published_time_precision,collected_at,collection_timestamp_source,country,city,lat,lng,actor,perpetrator,target,claimant,supporting_force,event_type,victim_categories,civilian_targeting_flag,fatalities_min,fatalities_max,fatalities_best,injured_min,injured_max,abducted_min,abducted_max,casualty_disputed,significance,confidence,source_count,independent_source_count,title
683dfa0c8d831f57955f3a64d8652015bf4728a5,2026-10-01,publication-proxy,2026-10-01T00:00:00Z,html:time,datetime,2026-10-01T06:14:23.025856Z,,Burkina Faso,,,,Africa Corps/Wagner,Africa Corps/Wagner,,,,offensive/campaign,[],False,,,,,,,,False,MAJOR,low,1,1,Burkina Faso
15c9cf00d9b38c3ea13f5ff8fe6c11fd8843a803,2026-09-30,explicit-text,2026-10-01T02:58:20Z,jsonld:datePublished,datetime,2026-10-01T06:14:18.563231Z,,Burkina Faso,Ouagadougou,12.3714,-1.5197,Other,,,,,kidnapping,['civilian'],False,,,,,,,,False,MAJOR,moderate,2,2,Burkina Faso: Opponents in exile publish a documented list of 86 kidnappings perpetrated by the junta
65c64bbdfec257229ab6c3aeef66273bc7ee4301,2026-09-29,publication-proxy,2026-09-29T08:32:41Z,opengraph,datetime,2026-09-30T23:28:25.777664Z,,Mali,,,,Africa Corps/Wagner,Africa Corps/Wagner,,,,security operation,['civilian'],False,,,,,,,,False,ROUTINE,low,1,1,Mali: Damning Evidence of War Crimes By State Armed Forces and Wagner Group Personnel - New Report
2c2e044bc7ede838d4f82c6aeaa6e9bf7177a38b,2026-09-29,explicit-text,2026-09-29T17:22:59Z,feed,datetime,2026-09-29T17:29:50.237478Z,,Mali,Ségou,13.4317,-6.2157,JNIM,,Africa Corps/Wagner,,,attack,"['security_force', 'armed_group']",False,,,,,,,,False,SIGNIFICANT,low,1,1,Mali: at least 3 Russian soldiers and 4 paramilitaries killed in a jihadist attack
c76ab7dfb6b09e5d8c3b598413274cf5616c5d6b,2026-09-29,explicit-text,2026-09-29T10:17:19Z,feed,datetime,2026-09-29T14:31:16.957074Z,,Mali,Bamako,12.6392,-8.0029,State,,,,,security operation,['civilian'],False,,,,,,,,False,MAJOR,low,1,1,"It targeted Arabs, Tuareg and Fulani.. Amnesty accuses Bamako and a Russian legion of war crimes"
6bbd28fac184f9a42f8582ca2a72c1da3e9242d2,2026-09-28,explicit-text,2026-10-01T16:05:21Z,feed,datetime,2026-10-01T17:23:26.279258Z,,Mali,Ménaka,15.9182,2.4022,State,State,,,Africa Corps/Wagner,security operation,[],False,,,,,,,,False,MAJOR,low,1,1,JOINT PATROL FAMa-MSA-GATIA and AFRICA CORPS: MEMBERS OF the JNIM-FLA COALITION KILLED BETWEEN ANSONGO and MÉNAKA
6125f7848dd32d6b9a93bd88ca5a2f6e60db4c88,2026-09-28,explicit-text,2026-09-30T09:04:22Z,opengraph,datetime,2026-09-30T23:28:25.648854Z,,Mali,Ségou,13.4317,-6.2157,JNIM,JNIM,Africa Corps/Wagner,Africa Corps/Wagner,,ambush,['armed_group'],False,,,,,,,,True,SIGNIFICANT,low,1,1,Mali: Towards a stalemate of the Africa Corps?
cd2d89a39a22cb9f96a7a69113497e78d7326be2,2026-09-28,explicit-text,2026-09-29T20:56:37Z,feed,datetime,2026-09-29T21:29:08.061402Z,,Mali,Kidal,18.4411,1.4078,State,State,,,,security operation,['armed_group'],False,,,,,,,,False,ROUTINE,moderate,1,1,Terrorist tracking: The FAMa neutralize several armed groups east of Boghasa and southeast of Sofara
f92eb6aec222d7b5067b5647786d0aa721e1c004,2026-09-28,explicit-text,2026-09-29T16:10:21Z,feed,datetime,2026-09-29T17:29:50.095125Z,,Mali,Ségou,13.4317,-6.2157,State,State,,,,offensive/campaign,['armed_group'],False,,,,,,,,False,MAJOR,moderate,1,1,"FAMA-AFRICA JOINT OFFENSIVE BODY IN the SÉGOU REGION, YESTERDAY: A PROVISIONAL ASSESSMENT OF 30 NEUTRALIZED TERRORISTS and SEVERAL WEAPONS RECOVERED"
f809d1299758dbc658b7f5ac4be910e7c9d833ab,2026-09-28,explicit-text,2026-09-28T18:31:11Z,feed,datetime,2026-09-28T19:29:54.968102Z,,Mali,Timbuktu,16.7666,-3.0026,State,State,,,,security operation,['armed_group'],False,,,,,,,,False,MAJOR,moderate,1,1,COUNTER-TERRORISM OPERATION IN THE TIMBUKTU AND KIDAL REGIONS: A SENIOR JNIM ABDOULLAHI AG FALY OFFICER REPORTEDLY PERISHED FOLLOWING FAMA STRIKES
fa6676e72a47cd7ee193f40b12a10b824f677528,2026-09-28,explicit-text,2026-09-28T17:18:45Z,feed,datetime,2026-09-28T18:34:32.985737Z,,Mali,Djenné,13.9061,-4.555,Other,,State,,,attack,['armed_group'],False,,,,,,,,False,ROUTINE,moderate,1,1,ATTACK AGAINST THE MALIAN ARMED FORCES AT THE CROSSROADS OF DJENNÉ: SEVERAL DOZEN TERRORISTS KILLED AND EQUIPMENT RECOVERED BY THE FAMA
cf882301ea877be55279a1f74aee465120a78290,2026-09-27,explicit-text,2026-09-28T16:42:47Z,feed,datetime,2026-09-30T11:29:59.229976Z,,Mali,Ségou,13.4317,-6.2157,State,State,,,Africa Corps/Wagner,security operation,['armed_group'],False,,,,,,,,False,ROUTINE,moderate,1,1,Segou: About thirty JNIM and Fla terrorists neutralized by the FAMa and the Africa Corps
fb430061113f814b0494991f5380c0b986b53e06,2026-09-27,explicit-text,2026-09-29T13:36:16Z,feed,datetime,2026-09-29T14:31:17.312023Z,,Mali,Dioura,14.82528,-5.25139,State,State,,,,security operation,['armed_group'],False,,,,,,,,False,SIGNIFICANT,moderate,2,2,Sectors of Niono and Dioura: The FAMa strike several terrorist positions with precision
a329cce8bd7b1437379579d7b298851f0e8eb0f7,2026-09-25,explicit-text,2026-09-26T20:09:24Z,feed,datetime,2026-09-26T21:27:09.799758Z,,Mali,Kidal,18.4411,1.4078,State,State,,,,offensive/campaign,['armed_group'],False,,,,,,,,False,MAJOR,moderate,1,1,FAMa Offensive: War Materials Destroyed and Terrorist Leaders Accurately Targeted
1a000f1627ed4678b4d5a3a06ca6d6dc1a16b7c8,2026-09-24,explicit-text,2026-09-24T18:00:36Z,feed,datetime,2026-09-24T17:28:03.775866Z,,Burkina Faso,Dori,14.0354,-0.0345,Other,,,,,security operation,['armed_group'],False,,,,,,,,False,ROUTINE,low,1,1,Reporting in Burkina Faso: when jihadist violence destroys the Great Green Wall
18741c5c7b9e4c2ae1addba88456df852789e9bc,2026-09-23,explicit-text,2026-09-23T23:04:12Z,itemprop,datetime,2026-10-03T14:38:03.951056Z,,Niger,Tillabéri,14.2071,1.4542,Other,,,,,attack,"['security_force', 'armed_group']",False,,,,,,,,False,SIGNIFICANT,low,1,1,"Niger: several soldiers fallen at the front and dozens of ""mercenaries"" neutralized in a new terrorist attack towards Abala"
ef4429417893e117702cfe92a67b5e5dedd6e263,2026-09-23,explicit-text,2026-09-29T14:50:38Z,feed,datetime,2026-09-29T15:33:19.118072Z,,Mali,,,,Africa Corps/Wagner,,,,Africa Corps/Wagner,clash,['civilian'],False,,,,,,,,False,ROUTINE,low,1,1,"Mali: ""No one is spared"", warns the NGO Amnesty in a report on the abuses of the army and the Wagner group"
9e8908579bdc9ba679b2cbef75497b4106781b62,2026-09-23,explicit-text,2026-09-27T16:40:41Z,opengraph,datetime,2026-09-27T17:26:26.935417Z,,Niger,Tillabéri,14.2071,1.4542,Other,,,,,attack,['security_force'],False,,,,,,,,False,ROUTINE,low,1,1,"Niger: Mutiny and Fartel attack, security system flaws exposed..."
6126bf9826acabc9a1d3e13f80db81f12a317602,2026-09-23,explicit-text,2026-09-24T12:53:05Z,feed,datetime,2026-09-24T13:31:15.159442Z,,Niger,Tillabéri,14.2071,1.4542,Other,,,,,clash,"['security_force', 'armed_group']",False,,,,,,,,False,ROUTINE,low,1,1,Niger Soldiers Killed in Fighting Near Mali Border
e863cb3a205c20effe288703690bf71e03349807,2026-09-21,explicit-text,2026-09-25T16:59:18Z,feed,datetime,2026-09-25T18:31:08.581066Z,,Mali,Kidal,18.4411,1.4078,State,State,,,,offensive/campaign,['armed_group'],False,,,,,,,,False,MAJOR,moderate,1,1,Offensive in Dandougou and Kidal: FAMa pound terrorist hideouts and destroy important war materials
e8c7d153fab7ade8088e457f0ed475f83cdda1fc,2026-09-21,publication-proxy,2026-09-21T16:17:43Z,feed,datetime,2026-09-21T17:24:40.300675Z,,Mali,Sévaré,14.5272,-4.0934,State,State,,,,security operation,"['armed_group', 'security_force']",False,,,,,,,,False,MAJOR,moderate-high,3,3,"Mali: FAMa targeted in Kassala, Sévaré and Dioura"
c340bb5acd8ff9a5ff34f320461c2cdc22ec93b6,2026-09-21,explicit-text,2026-09-21T17:28:05Z,feed,datetime,2026-09-21T18:29:59.485797Z,,Mali,Djenné,13.9061,-4.555,State,State,,,,security operation,['armed_group'],False,,,,,,,,False,MAJOR,moderate,1,1,"HUNTING AGAINST ARMED TERRORIST GROUPS IN THE SECTORS OF DJENNÉ, SÉVARÉ AND BER: TERRORIST DEPOTS AND BASES HIT BY AIR VECTORS"
0bafe8d9dcaf99063585c5b23f2c739d3b289bb4,2026-09-20,explicit-text,2026-09-22T09:16:31Z,jsonld:datePublished,datetime,2026-09-22T09:28:10.537169Z,,Mali,Dioura,14.82528,-5.25139,JNIM,JNIM,State,,,attack,['armed_group'],False,,,,,,,,False,MAJOR,low,1,1,Mali: 150 dead after several JNIM attacks
5ceb5de2e2ca10f9b11c58b2ea22ccb3f9f32541,2026-09-19,publication-proxy,2026-09-19T13:29:36Z,jsonld:datePublished,datetime,2026-09-30T23:28:25.463402Z,,Mali,Bamako,12.6392,-8.0029,State,,,,,attack,"['security_force', 'armed_group']",False,,,,,,,,False,MAJOR,low,1,1,Death toll from Mali attack passes 100: sources
1a0ba63571bcbeb260576cfc6c409cb672ff4607,2026-09-19,explicit-text,2026-09-21T11:30:07Z,feed,datetime,2026-09-21T12:30:39.468220Z,,Mali,Dioura,14.82528,-5.25139,State,State,,,,security operation,[],False,,,,,,,,False,MAJOR,low,1,1,Security: A Ukrainian drone shot down by Malian special forces north of Dioura
1d7c861813ce9a0fdcdff85ff4ad6f215a415fe3,2026-09-19,explicit-text,2026-09-20T07:54:51Z,stored,datetime,2026-09-20T08:26:52.057143Z,,Mali,Dioura,14.82528,-5.25139,State,State,,,,security operation,['armed_group'],False,,,,,,,,False,ROUTINE,low,1,1,Mali: Heavy losses inflicted on terrorist groups during a major operation in Dioura
a56b183782140f593d4435ec8c501ce044ce565a,2026-09-19,explicit-text,2026-09-19T22:13:11Z,stored,datetime,2026-09-19T22:24:06.230127Z,,Mali,Dioura,14.82528,-5.25139,State,,,,,clash,[],False,,,,,,,,False,SIGNIFICANT,low,1,1,"Operation Dougoukoloko: Heroic evacuation in Dioura, the Malian army pays tribute to its fallen sons"
045e201ec819bb2707611660b05da6572820b8ac,2026-09-19,explicit-text,2026-09-19T20:27:07Z,stored,datetime,2026-09-19T20:56:41.947029Z,,Mali,Sévaré,14.5272,-4.0934,Other,,,,,security operation,['armed_group'],False,,,,,,,,False,MAJOR,low,1,1,"Mali: Jihadists target Sévaré, a checkpoint near Bamako and multiply strategic attacks"
e226d28cd43ba36f73b371bd73dda83fb30fc0f2,2026-09-19,explicit-text,2026-09-19T13:26:58Z,stored,datetime,2026-09-19T18:15:00.857125Z,,Mali,Djenné,13.9061,-4.555,State,State,,,,security operation,['armed_group'],False,,,,,,,,False,MAJOR,moderate,1,1,"Operation Dougoukoloko: the FAMa strike several terrorist positions in Djenné, Sévaré and Ber"
dc854ef4a52412c4b3c6a93015bd1142e4c3a1f9,2026-09-17,explicit-text,2026-09-17T21:24:45Z,stored,datetime,2026-09-19T20:56:45.703291Z,,Mali,Dioura,14.82528,-5.25139,State,State,,,,security operation,['armed_group'],False,,,,,,,,False,MAJOR,moderate,1,1,Operation Dougoukoloko: The FAMa neutralize terrorist groups and destroy their equipment in Dioura and Kidal
38c4521eeb4bc2760c514e087d6c7ff8a41f8b23,2026-09-17,explicit-text,2026-09-19T11:26:16Z,stored,datetime,2026-09-19T18:15:03.129399Z,,Mali,,,,State,State,,,,offensive/campaign,['armed_group'],False,,,,,,,,False,MAJOR,moderate,1,1,Terrorist hunt: The FAMa's victorious offensive is accelerating on several fronts
39b2ccbd079c7b2e312b3576f28563c799161548,2026-09-10,explicit-text,2026-09-26T12:24:54Z,feed,datetime,2026-09-26T12:30:22.028729Z,,Mali,Dioura,14.82528,-5.25139,JNIM,,Africa Corps/Wagner,,,ambush,"['security_force', 'armed_group']",False,,,,,,,,False,MAJOR,low,1,1,"Mali: Dioura, Sévaré, Kidal... Russian weapons are no longer enough to hold the ground"
7f992ed158ab569af14f7e6588bf7b7a9a42957c,2026-09-10,explicit-text,2026-09-24T11:54:22Z,feed,datetime,2026-09-24T10:32:12.535303Z,,Mali,Dioura,14.82528,-5.25139,JNIM,JNIM,State,,,attack,"['security_force', 'armed_group', 'journalist']",False,,,,,,,,False,MAJOR,moderate,1,1,"In Mali, the deadly attack in Dioura reveals the shortcomings of the security system"
e5aa3495c7a36f6963faaff4620b475a11ea2abb,2026-09-08,publication-proxy,2026-09-08T18:40:32Z,stored,datetime,2026-09-21T03:26:00.584933Z,,Mali,Kidal,18.4411,1.4078,JNIM,JNIM,Africa Corps/Wagner,,,attack,['security_force'],False,,,,,,,,False,MAJOR,low,1,1,"JNIM, FLA Alliance Intensifies Conflict in Mali"
e5cf5a92b849917df4445a992e7620a6997c143b,2026-09-07,explicit-text,2026-09-08T15:10:20Z,jsonld:datePublished,datetime,2026-09-30T23:28:18.727847Z,,Mali,Mopti,14.4843,-4.1829,JNIM,,JNIM,,,ambush,"['security_force', 'armed_group']",False,,,,,,,,False,SIGNIFICANT,low,1,1,Mali: at least eleven Russian soldiers and traditional hunters killed in a jihadist ambush
eb4fe7fadd5ce3e7cdec7193b7422e68277972cc,2026-08-29,explicit-text,2026-09-14T12:11:28Z,opengraph,datetime,2026-09-30T23:28:25.150424Z,,Niger,Niamey,13.5116,2.1254,Africa Corps/Wagner,,,,,attack,[],False,,,,,,,,False,MAJOR,low,1,1,7 West Africa: Niger - Niamey - The attack that exposed the ESA flaw
97662c85eedfbaceb6270d4369e98cda2ec151e3,2026-07-21,explicit-text,2026-07-21T00:00:00Z,visible-publication-label,unresolved,2026-10-03T14:38:03.412185Z,,Niger,Tillabéri,14.2071,1.4542,Other,,,,,ambush,"['security_force', 'armed_group']",False,16,16,16,,,,,False,SIGNIFICANT,low,1,1,Niger: 16 soldiers killed at the front and 15 terrorists neutralized in a terrorist ambush between Bankilaré and Tera (Tillabéri)
12c25c4a19b8419e9f6ee8817c0fd16941de7e95,2026-07-09,explicit-text,2026-07-09T00:00:00Z,title,date-only,2026-09-21T03:26:02.367174Z,,Mali,,,,JNIM,JNIM,,,,offensive/campaign,[],False,,,,,,,,False,MAJOR,moderate,1,1,"{{currentView.title}} July 09, 2026 Another JNIM Offensive Across Mali"
9a9ed49b9f32a7f76341a1e44ea88a2b89c0af66,2026-06-18,explicit-text,2026-06-18T18:50:55Z,stored,datetime,2026-09-19T18:26:58.796215Z,,Niger,Niamey,13.5116,2.1254,Other,,,,,raid,"['security_force', 'armed_group']",False,,,,,,,,False,MAJOR,low,1,1,"Attempted incursion into the Niamey airport area: 22 attackers neutralized, about twenty suspects captured and important equipment seized"
126da9a48057086e6e98962ba78f1ec44b99b01d,2026-04-30,explicit-text,2026-04-30T00:00:00Z,title,date-only,2026-09-21T03:56:11.218040Z,,Mali,,,,JNIM,JNIM,,,,offensive/campaign,[],False,,,,,,,,False,MAJOR,moderate,1,1,"{{currentView.title}} April 30, 2026 JNIM Continues Historic Offensive in Mali"
d6734bd97ecef8d22737cd7b496ac90365cb3a7b,2026-04-28,explicit-text,,unresolved,unresolved,2026-09-21T03:56:10.705556Z,,Mali,Kidal,18.4411,1.4078,JNIM,JNIM,,,,offensive/campaign,[],False,,,,,,,,False,MAJOR,moderate,1,1,"{{currentView.title}} April 28, 2026 Fall of Kidal—What JNIM’s Latest Offensive Means for Mali’s Future: Africa File Special Edition To receive the weekly Africa File or Congo War Security Review via email, please subscribe here."
ef6059bf193bf34c521b23e1169b3c098f6a9fb5,2026-04-25,explicit-text,2026-04-30T00:00:00Z,title,date-only,2026-09-21T03:56:11.218040Z,,Mali,Bamako,12.6392,-8.0029,JNIM,JNIM,,,,territorial seizure/blockade,[],False,,,,,,,,False,MAJOR,moderate,1,1,"Al Qaeda’s Sahelian affiliate Jama’at Nusrat al Islam wa al Muslimeen (JNIM) and its Tuareg rebel allies are continuing operations to consolidate control over northern Mali in the wake of their historic attacks on April 25, while JNIM has simultaneously re-tightened its blockade on Bamako to topple the Malian junta."
1d54df7bd7ddc0af481cb4756786d1687e569292,2026-04-25,explicit-text,2026-04-30T00:00:00Z,title,date-only,2026-09-21T03:56:11.218040Z,,Mali,Kidal,18.4411,1.4078,JNIM,JNIM,,,,offensive/campaign,[],False,,,,,,,,False,MAJOR,moderate,1,1,"For full analysis and forecasting of JNIM’s initial April 25 attacks and their broader implications, read CTP’s recent special edition “Fall of Kidal—What JNIM’s Latest Offensive Means for Mali’s Future.” - Somalia."
6750bdfc5ab4736d70da4457dd9514d59b323405,2026-01-31,explicit-text,2026-01-31T00:00:00Z,visible-publication-label,unresolved,2026-10-03T14:38:03.522545Z,,Niger,Niamey,13.5116,2.1254,IS Sahel,,,IS Sahel,,attack,"['civilian', 'armed_group']",False,,,,,,,,False,MAJOR,low,1,1,Niger: what we know about the jihadist attack that targeted Niamey airport
9b5c0dea1d6faabad301aef236285e68a46786ec,2026-01-30,explicit-text,2026-01-30T00:00:00Z,visible-publication-label,unresolved,2026-10-03T14:38:03.121046Z,,Niger,Niamey,13.5116,2.1254,JNIM,,,,,attack,[],False,,,,,,,,False,MAJOR,low,1,1,Niger: Islamic State claims responsibility for attack on Niamey airport
c807c7cfab01fb3c9075eda8d4fad618d6e88ccf,2025-10-09,explicit-text,2025-10-09T00:00:00Z,title,date-only,2026-09-30T23:09:12.956549Z,,Mali,,,,JNIM,JNIM,,,,territorial seizure/blockade,['armed_group'],False,,,,,,,,False,MAJOR,moderate,1,1,"{{currentView.title}} October 09, 2025 Mali Negotiates Amid JNIM Blockade"
3bace2f1a892d03f1f50a226e3805fa4a6c93403,2025-09-05,explicit-text,2025-09-05T00:00:00Z,visible-publication-label,unresolved,2026-10-03T14:38:03.562206Z,,Niger,Agadez,16.9733,7.9911,Other,,,,,attack,"['civilian', 'security_force']",True,1,1,1,,,,,False,ROUTINE,low,1,1,"Agadez: the SDF repulse an attack in Abalama  two bandits neutralized, equipment seized, one soldier killed and four wounded"
bfda815a0e51db452eafb5e5e8107ba3fee62151,2024-10-24,explicit-text,2024-10-24T07:00:00Z,feed,datetime,2026-09-28T08:33:46.923073Z,,Niger,,,,JNIM,JNIM,,,,security operation,[],False,,,,,,,,False,MAJOR,moderate,1,1,"Africa File, October 24, 2024: Jnim Strikes Northern Niger"
5ef23562a97157db55f18e5fd118b0be20952111,2024-09-19,explicit-text,2024-09-18T07:00:00Z,feed,datetime,2026-09-25T16:30:58.338478Z,,Mali,Bamako,12.6392,-8.0029,JNIM,JNIM,,,,security operation,[],False,,,,,,,,False,MAJOR,moderate,1,1,"Africa File, September 19, 2024: JNIM Strikes Bamako"
